<?xml version="1.0" encoding="UTF-8"?>

<project xmlns="http://maven.apache.org/POM/4.0.0" xmlns:xsi="http://www.w3.org/2001/XMLSchema-instance" xsi:schemaLocation="http://maven.apache.org/POM/4.0.0 http://maven.apache.org/xsd/maven-4.0.0.xsd">
	<modelVersion>4.0.0</modelVersion>

	<groupId>com.weechong_teo</groupId>
	<artifactId>ABC-Jobs-WDF</artifactId>
	<version>0.0.1-SNAPSHOT</version>
	<packaging>war</packaging>

	<name>ABC-Jobs-WDF Maven Webapp</name>
	<!-- FIXME change it to the project's website -->
	<url>http://www.example.com</url>

	<properties>
		<project.build.sourceEncoding>UTF-8</project.build.sourceEncoding>
		<maven.compiler.source>1.8</maven.compiler.source>
		<maven.compiler.target>1.8</maven.compiler.target>
		<spring.version>5.1.5.RELEASE</spring.version>
		<spring.security.version>5.3.4.RELEASE</spring.security.version>
		<hibernate.version>5.4.1.Final</hibernate.version>
			<log4j.version>2.17.1</log4j.version>
				<junit.jupiter.version>5.6.2</junit.jupiter.version>
	</properties>

	<dependencies>
		<dependency>
			<groupId>org.springframework</groupId>
			<artifactId>spring-context</artifactId>
			<version>${spring.version}</version>
		</dependency>

		<dependency>
			<groupId>org.springframework</groupId>
			<artifactId>spring-webmvc</artifactId>
			<version>${spring.version}</version>
		</dependency>

		<dependency>
			<groupId>org.springframework</groupId>
			<artifactId>spring-orm</artifactId>
			<version>${spring.version}</version>
		</dependency>
		<dependency>
			<groupId>org.springframework.data</groupId>
			<artifactId>spring-data-jpa</artifactId>
			<version>2.1.5.RELEASE</version>
		</dependency>

		<dependency>
			<groupId>org.hibernate</groupId>
			<artifactId>hibernate-core</artifactId>
			<version>${hibernate.version}</version>
		</dependency>

		<dependency>
			<groupId>mysql</groupId>
			<artifactId>mysql-connector-java</artifactId>
			<version>8.0.29</version>
			<scope>runtime</scope>
		</dependency>

		<dependency>
			<groupId>javax.servlet</groupId>
			<artifactId>javax.servlet-api</artifactId>
			<version>3.1.0</version>
			<scope>provided</scope>
		</dependency>
		<dependency>
			<groupId>javax.servlet.jsp</groupId>
			<artifactId>javax.servlet.jsp-api</artifactId>
			<version>2.3.1</version>
			<scope>provided</scope>
		</dependency>
		<dependency>
			<groupId>jstl</groupId>
			<artifactId>jstl</artifactId>
			<version>1.2</version>
		</dependency>
		
		<!-- Spring Security -->
		<!-- Spring Security Core -->
		<dependency>
			<groupId>org.springframework.security</groupId>
			<artifactId>spring-security-core</artifactId>
			<version>${spring.security.version}</version>
		</dependency>

		<!-- Spring Security Config -->
		<dependency>
			<groupId>org.springframework.security</groupId>
			<artifactId>spring-security-config</artifactId>
			<version>${spring.security.version}</version>
		</dependency>

		<!-- Spring Security Web -->
		<dependency>
			<groupId>org.springframework.security</groupId>
			<artifactId>spring-security-web</artifactId>
			<version>${spring.security.version}</version>
		</dependency>

		<!-- to enable Spring Security Tag library in JSP -->
		<dependency>
			<groupId>org.springframework.security</groupId>
			<artifactId>spring-security-taglibs</artifactId>
			<version>${spring.security.version}</version>
		</dependency>

		<dependency>
			<groupId>org.springframework.security</groupId>
			<artifactId>spring-security-test</artifactId>
			<version>${spring.security.version}</version>
			<scope>test</scope>
		</dependency>
		<!-- End of Spring Security -->
		
		<!-- https://mvnrepository.com/artifact/org.apache.logging.log4j/log4j-core -->
		<dependency>
		    <groupId>org.apache.logging.log4j</groupId>
		    <artifactId>log4j-core</artifactId>
		    <version>${log4j.version}</version>
		</dependency>
		
		<!-- https://mvnrepository.com/artifact/org.apache.logging.log4j/log4j-api -->
		<dependency>
		    <groupId>org.apache.logging.log4j</groupId>
		    <artifactId>log4j-api</artifactId>
		    <version>${log4j.version}</version>
		</dependency>
		  	
		<!-- https://mvnrepository.com/artifact/org.apache.logging.log4j/log4j-slf4j-impl -->
		<dependency>
		    <groupId>org.apache.logging.log4j</groupId>
		    <artifactId>log4j-slf4j-impl</artifactId>
		    <version>${log4j.version}</version>
		    <scope>test</scope>
		</dependency>

	<!-- https://mvnrepository.com/artifact/org.junit.jupiter/junit-jupiter-api -->
		<dependency>
		    <groupId>org.junit.jupiter</groupId>
		    <artifactId>junit-jupiter-api</artifactId>
		    <version>5.8.2</version>
		    <scope>test</scope>
		</dependency>
	</dependencies>

	<build>
		<finalName>ABC-Jobs-WDF</finalName>
		<pluginManagement>
			<!-- lock down plugins versions to avoid using Maven defaults (may be moved to parent pom) -->
			<plugins>
				<plugin>
					<artifactId>maven-clean-plugin</artifactId>
					<version>3.1.0</version>
				</plugin>
				<!-- see http://maven.apache.org/ref/current/maven-core/default-bindings.html#Plugin_bindings_for_war_packaging -->
				<plugin>
					<artifactId>maven-resources-plugin</artifactId>
					<version>3.0.2</version>
				</plugin>
				<plugin>
					<artifactId>maven-compiler-plugin</artifactId>
					<version>3.8.0</version>
				</plugin>
				<plugin>
					<artifactId>maven-surefire-plugin</artifactId>
					<version>2.22.1</version>
				</plugin>
				<plugin>
					<artifactId>maven-war-plugin</artifactId>
					<version>3.2.2</version>
				</plugin>
				<plugin>
					<artifactId>maven-install-plugin</artifactId>
					<version>2.5.2</version>
				</plugin>
				<plugin>
					<artifactId>maven-deploy-plugin</artifactId>
					<version>2.8.2</version>
				</plugin>
			</plugins>
		</pluginManagement>
	</build>
</project>